escritura,nir,pago,liquidacion,valor_ben,valor_reg,total_recibos,total_actas,faltante,sobrante,observaciones
14,26102023447485,Si,106248377.0,264400,54400,318800,316300,2500,,0
18,26102023448063,Si,106246100.0,4031400,4938300,8969700,8968200,1500,,0
8,26102023461988,Si,106365606.0,269400,581800,851200,848200,3000,,0
16,26102023462072,Si,106258782.0,264400,51900,316300,316300,,,0
17,26102023462089,Si,106257703.0,264400,51900,316300,316300,,,0
20,26102023462107,Si,106351923.0,730400,114600,845000,845000,,,0
33,26102023466001,Si,106260007.0,264400,54400,318800,316300,2500,,0
53,26102023475121,Si,106264734.0,6264400,7858500,14122900,14122900,,,0
54,26102023475159,Si,106264912.0,4031400,4961500,8992900,8992900,,,0
55,26102023475184,Si,106264491.0,12497400,15693700,28191100,28191100,,,0
31,26102023475717,Si,106264441.0,3181400,5693300,8874700,8874700,,,0
34,26102023478648,Si,106368651.0,1252400,1139400,2391800,2370892,20908,,0
35,26102023478663,Si,106378317.0,3897400,4641200,8538600,8455600,83000,,0
45,26102023486226,Si,106368560.0,976400,144700,1121100,1101400,19700,,0
62,26102023486268,Si,106270964.0,6780400,8914300,15694700,15694700,,,0
43,26102023486887,Si,106360031.0,267400,54400,321800,318800,3000,,0
49,26102023487148,Si,106365614.0,267400,78500,345900,342900,3000,,0
56,26102023500286,Si,106368526.0,1731400,1607500,3338900,3320854,18046,,0
64,26102023500772,Si,106280578.0,2731400,4391700,7123100,7838640,,715540,0
69,26102023500848,Si,106358375.0,3233400,3537400,6770800,6751800,19000,,0
91,26102023500878,Si,106280669.0,4551400,5882000,10433400,10433400,,,0
96,26102023500889,Si,106365630.0,265400,54400,319800,366700,,46900,0
98,26102023501337,Si,106381946.0,2194400,2484800,4679200,4649238,29962,,0
70,26102023508294,Si,106290508.0,2564400,2707700,5272100,5272100,,,0
108,26102023510155,Si,106288894.0,264400,54400,318800,318800,,,0
122,26102023513756,Si,106289323.0,264400,54400,318800,318800,,,0
36,26102023517574,Si,106359941.0,1696400,1339200,3035600,3069500,,33900,0
111,26102023526047,Si,106299752.0,2131400,3352400,5483800,5483785,15,,0
52,26102023526065,Si,106300363.0,2031400,3430800,5462200,5462200,,,0
92,26102023526308,Si,106301432.0,4713400,8688800,13402200,13402200,,,0
157,26102023531706,Si,106365861.0,264400,54400,318800,316300,2500,,0
166,26102023534726,Si,106381963.0,501400,2373600,2875000,2871000,4000,,0
194,26102023534810,Si,106308080.0,497400,84500,581900,581900,,,0
76,26102023542387,Si,106378232.0,2774400,4081700,6856100,6816100,40000,,0
90,26102023542437,Si,106378222.0,2082400,2619600,4702000,4674000,28000,,0
134,26102023542463,Si,106357841.0,3716400,6834300,10550700,10545853,4847,,0
79,26102023546747,Si,106382746.0,2939400,4129300,7068700,7023700,45000,,0
141,26102023546770,Si,106381924.0,2946400,3930000,6876400,6871671,4729,,0
119,26102023546940,Si,106321035.0,7031400,11988800,19020200,19020200,,,0
135,26102023553334,Si,106378246.0,2994400,4435000,7429400,7452851,,23451,0
229,26102023553517,Si,106322776.0,264400,54400,318800,315900,2900,,0
237,26102023553533,Si,106394002.0,1548400,1427400,2968800,2968810,,10,0
222,26102023553556,Si,106318665.0,1871400,1734300,3605700,3605956,,256,0
197,26102023558132,Si,106327195.0,264400,54400,318800,318800,,,0
238,26102023558165,Si,106394067.0,1194400,912900,2101300,2101192,108,,0
221,26102023562747,Si,106330093.0,264400,54400,318800,318800,,,0
223,26102023562778,Si,106330205.0,1794400,1662800,3457200,3457484,,284,0
227,26102023562856,Si,106330446.0,264400,78500,342900,342900,,,0
274,26102023569669,Si,106331559.0,942400,895500,1837900,1837900,,,0
278,26102023570258,Si,106334531.0,111400,78500,189900,189900,,,0
217,26102023570340,Si,106332865.0,22964400,51585500,74549900,74549900,,,0
199,26102023592733,Si,106345332.0,264400,54400,318800,318800,,,0
200,26102023592780,Si,106382014.0,2864400,4203600,7068000,7327700,,259700,0
204,26102023594476,Si,106386032.0,2246400,2599200,4845600,5332600,,487000,0
205,26102023594508,Si,106398267.0,5090400,10064600,15110000,16450640,,1340640,0
215,26102023594583,Si,106346233.0,1431400,2144800,3576200,3576202,,2,0
282,26102023594892,Si,106346259.0,731400,674800,1406200,1406200,,,0
332,26102023595278,Si,106346756.0,2931400,3418400,6349800,6349800,,,0
246,26102023595542,Si,106349459.0,264400,330900,595300,595330,,30,0
248,26102023595594,Si,106347214.0,264400,54400,318800,318800,,,0
47,26102023601476,Si,106382812.0,269400,54400,323800,323800,,,0
375,26102023607251,Si,106353458.0,3031400,3509500,6540900,6540900,,,0
57,26102023614760,Si,106357739.0,2334400,3425600,5760000,5760000,,,0
401,26102023615340,Si,106359775.0,4996400,5922300,10918700,10918700,,,0
379,26102023621814,Si,106362763.0,3231400,4847700,8079100,8079098,2,,0
309,26102023631744,Si,106365613.0,2954400,4286700,7241100,7294320,,53220,0
423,26102023631857,Si,106366523.0,5031400,9334100,14365500,14365500,,,0
418,26102023636089,Si,106368433.0,11552400,15689500,27241900,27242300,,400,0
434,26102023636498,Si,106367464.0,3031400,3509500,6540900,6540900,,,0
449,26102023639965,Si,106369813.0,2081400,3456000,5537400,5815900,,278500,0
302,26102023598085,Si,106348429.0,264400,54400,318800,318800,,,0
441,26102023651465,Si,106375144.0,497400,84500,581900,581900,,,0
554,26102023655652,Si,156353578.0,317300,54400,371700,318800,52900,,0
519,26102023669971,Si,106385091.0,5124400,6948700,12073100,12072897,203,,0
537,26102023672562,Si,106387250.0,4331400,7973300,12304700,12304700,  ,  ,0
569,26102023672596,Si,106386275.0,1231400,1139400,2370800,2370800,  ,  ,0
570,26102023675958,Si,106388255.0,1980400,1216000,3196400,3256550,  ,60150,0
603,26102023675465,Si,106387698.0,264400,54400,318800,318800,  ,  ,0
610,26102023675505,Si,106388560.0,264400,54400,318800,318800,  ,  ,0
525,26102023675740,Si,106388825.0,2934400,4120100,7054500,7042112,12388,  ,0
506,26102023691425,Si,10004639381.0,2033000,1751100,3784100,3784100,  ,  ,0
607,26102023710496,Si,106404584.0,1031400,1408800,2440200,2659700,  ,219500,0
665,26102023711694,Si,106405222.0,1961400,3672500,5633900,5658260,  ,24360,0
698,26102023718097,Si,106408288.0,2831400,3254400,6085800,6085800,  ,  ,0
753,26102023728468,No,106413134.0,264400,54400,318800,352900,  ,34100,0
739,26102023734849,No,106416245.0,730400,114600,845000,845000,  ,  ,0
171,26102023526472,Si,106299230.0,264400,54400,318800,318800,,,3046463506
44,26102023486931,Si,5.01006469734182e+17,236000,78500,314500,339200,,24700,501006469734182016
73,26102023552774,Si,106318524.0,3231400,3715900,6947300,7168100,,220800,Certificado
148,26102023531676,Si,106303359.0,2781400,4359400,7140800,7628600,,487800,Certificado previo
172,26102023531808,Si,106301398.0,1281400,1210200,2491600,2515850,,24250,Certificado previo
253,26102023594598,Si,106346881.0,6714400,11428600,18143000,19283325,,1140325,Certificado Previo
264,26102023594675,Si,106346201.0,8264400,10956000,19220400,19269000,,48600,Certificado Previo
403,26102023636045,Si,106368122.0,2147400,1617800,3765200,3789450,,24250,Certificado Previo
424,26102023640913,Si,106371105.0,2088400,3333200,5822900,5846817,,23917,Certificado previo
475,26102023641074,Si,106371169.0,3481400,6432700,9914100,10798465,,884365,Certificado previo
573,26102023710429,Si,106404711.0,3681400,4763900,8445300,8518200,  ,72900,certificado previo
592,26102023710467,Si,106405853.0,1531400,1938500,3469900,3692900,  ,223000,certificado previo
608,26102023710753,Si,106404857.0,2131400,3403000,5534400,5968600,  ,434200,certificado previo
574,26102023711287,Si,106405012.0,4831400,9264700,14096100,15464500,  ,1368400,certificado previo
628,26102023716879,Si,106407918.0,2711400,4286900,6998300,7524280,  ,525980,certificado previo
145,26102023518101,Si,1260520289.0,2995000,3335500,6330500,6330500,,,Cesar
58,26102023475733,No,,266400,54400,320800,271800,49000,,Faltante
101,26102023501310,No,,3581400,4586800,8168200,7946150,222050,,Faltante
104,26102023513731,No,,264400,54400,318800,271800,47000,,Faltante
105,26102023513746,No,,264400,54400,318800,271800,47000,,Faltante
287,26102023569445,Si,106329946.0,264400,78500,342900,342900,,,Faltante
218,26102023569547,No,106415602.0,2957400,4327200,7284600,7284600,  ,,Faltante
383,26102023648003,No,106373313.0,3324400,4686600,8011000,7198804,812196,,Faltante
567,26102023710399,No,106404630.0,3734400,4593800,8328200,8297000,31200,  ,Faltante
448,26102023716853,No,106407912.0,2314400,3041600,5356000,3858275,1497725,  ,Faltante
419,26102023710260,Si,106406053.0,2743400,3600600,6344000,6344000,  ,  ,
453,26102023710293,Si,106405102.0,2647400,3439700,6087100,6087100,  ,  ,
